Domain Code,Domain,Area Code (M49),Area,Element Code,Element,Months Code,Months,Year Code,Year,Unit,Value,Flag,Flag Description
ET,Temperature change,1,World,7271,Temperature change,7001,January,1990,1990,°C,0.977,E,Estimated value
ET,Temperature change,1,World,7271,Temperature change,7002,February,1990,1990,°C,0.771,E,Estimated value
ET,Temperature change,1,World,7271,Temperature change,7003,March,1990,1990,°C,1.312,E,Estimated value
ET,Temperature change,1,World,7271,Temperature change,7004,April,1990,1990,°C,0.588,E,Estimated value
ET,Temperature change,1,World,7271,Temperature change,7005,May,1990,1990,°C,0.399,E,Estimated value
ET,Temperature change,1,World,7271,Temperature change,7006,June,1990,1990,°C,0.577,E,Estimated value
ET,Temperature change,1,World,7271,Temperature change,7007,July,1990,1990,°C,0.227,E,Estimated value
ET,Temperature change,1,World,7271,Temperature change,7008,August,1990,1990,°C,0.425,E,Estimated value
ET,Temperature change,1,World,7271,Temperature change,7009,September,1990,1990,°C,0.393,E,Estimated value
ET,Temperature change,1,World,7271,Temperature change,7010,October,1990,1990,°C,0.526,E,Estimated value
ET,Temperature change,1,World,7271,Temperature change,7011,November,1990,1990,°C,1.053,E,Estimated value
ET,Temperature change,1,World,7271,Temperature change,7012,December,1990,1990,°C,0.516,E,Estimated value
ET,Temperature change,159,China,7271,Temperature change,7001,January,1990,1990,°C,1.046,E,Estimated value
ET,Temperature change,159,China,7271,Temperature change,7002,February,1990,1990,°C,1.446,E,Estimated value
ET,Temperature change,159,China,7271,Temperature change,7003,March,1990,1990,°C,1.558,E,Estimated value
ET,Temperature change,159,China,7271,Temperature change,7004,April,1990,1990,°C,-0.489,E,Estimated value
ET,Temperature change,159,China,7271,Temperature change,7005,May,1990,1990,°C,0.036,E,Estimated value
ET,Temperature change,159,China,7271,Temperature change,7006,June,1990,1990,°C,0.483,E,Estimated value
ET,Temperature change,159,China,7271,Temperature change,7007,July,1990,1990,°C,0.072,E,Estimated value
ET,Temperature change,159,China,7271,Temperature change,7008,August,1990,1990,°C,0.423,E,Estimated value
ET,Temperature change,159,China,7271,Temperature change,7009,September,1990,1990,°C,0.58,E,Estimated value
ET,Temperature change,159,China,7271,Temperature change,7010,October,1990,1990,°C,1.026,E,Estimated value
ET,Temperature change,159,China,7271,Temperature change,7011,November,1990,1990,°C,2.184,E,Estimated value
ET,Temperature change,159,China,7271,Temperature change,7012,December,1990,1990,°C,1.642,E,Estimated value
ET,Temperature change,1,World,7271,Temperature change,7001,January,1991,1991,°C,0.582,E,Estimated value
ET,Temperature change,1,World,7271,Temperature change,7002,February,1991,1991,°C,0.641,E,Estimated value
ET,Temperature change,1,World,7271,Temperature change,7003,March,1991,1991,°C,0.671,E,Estimated value
ET,Temperature change,1,World,7271,Temperature change,7004,April,1991,1991,°C,0.628,E,Estimated value
ET,Temperature change,1,World,7271,Temperature change,7005,May,1991,1991,°C,0.164,E,Estimated value
ET,Temperature change,1,World,7271,Temperature change,7006,June,1991,1991,°C,0.571,E,Estimated value
ET,Temperature change,1,World,7271,Temperature change,7007,July,1991,1991,°C,0.43,E,Estimated value
ET,Temperature change,1,World,7271,Temperature change,7008,August,1991,1991,°C,0.411,E,Estimated value
ET,Temperature change,1,World,7271,Temperature change,7009,September,1991,1991,°C,0.431,E,Estimated value
ET,Temperature change,1,World,7271,Temperature change,7010,October,1991,1991,°C,0.379,E,Estimated value
ET,Temperature change,1,World,7271,Temperature change,7011,November,1991,1991,°C,0.21,E,Estimated value
ET,Temperature change,1,World,7271,Temperature change,7012,December,1991,1991,°C,0.188,E,Estimated value
ET,Temperature change,159,China,7271,Temperature change,7001,January,1991,1991,°C,1.071,E,Estimated value
ET,Temperature change,159,China,7271,Temperature change,7002,February,1991,1991,°C,1.335,E,Estimated value
ET,Temperature change,159,China,7271,Temperature change,7003,March,1991,1991,°C,0.322,E,Estimated value
ET,Temperature change,159,China,7271,Temperature change,7004,April,1991,1991,°C,-0.059,E,Estimated value
ET,Temperature change,159,China,7271,Temperature change,7005,May,1991,1991,°C,0.013,E,Estimated value
ET,Temperature change,159,China,7271,Temperature change,7006,June,1991,1991,°C,0.409,E,Estimated value
ET,Temperature change,159,China,7271,Temperature change,7007,July,1991,1991,°C,0.329,E,Estimated value
ET,Temperature change,159,China,7271,Temperature change,7008,August,1991,1991,°C,0.211,E,Estimated value
ET,Temperature change,159,China,7271,Temperature change,7009,September,1991,1991,°C,0.338,E,Estimated value
ET,Temperature change,159,China,7271,Temperature change,7010,October,1991,1991,°C,0.207,E,Estimated value
ET,Temperature change,159,China,7271,Temperature change,7011,November,1991,1991,°C,0.304,E,Estimated value
ET,Temperature change,159,China,7271,Temperature change,7012,December,1991,1991,°C,0.549,E,Estimated value
ET,Temperature change,1,World,7271,Temperature change,7001,January,1992,1992,°C,0.952,E,Estimated value
ET,Temperature change,1,World,7271,Temperature change,7002,February,1992,1992,°C,0.787,E,Estimated value
ET,Temperature change,1,World,7271,Temperature change,7003,March,1992,1992,°C,0.723,E,Estimated value
ET,Temperature change,1,World,7271,Temperature change,7004,April,1992,1992,°C,0.259,E,Estimated value
ET,Temperature change,1,World,7271,Temperature change,7005,May,1992,1992,°C,0.279,E,Estimated value
ET,Temperature change,1,World,7271,Temperature change,7006,June,1992,1992,°C,0.125,E,Estimated value
ET,Temperature change,1,World,7271,Temperature change,7007,July,1992,1992,°C,-0.284,E,Estimated value
ET,Temperature change,1,World,7271,Temperature change,7008,August,1992,1992,°C,-0.074,E,Estimated value
ET,Temperature change,1,World,7271,Temperature change,7009,September,1992,1992,°C,-0.286,E,Estimated value
ET,Temperature change,1,World,7271,Temperature change,7010,October,1992,1992,°C,-0.148,E,Estimated value
ET,Temperature change,1,World,7271,Temperature change,7011,November,1992,1992,°C,-0.204,E,Estimated value
ET,Temperature change,1,World,7271,Temperature change,7012,December,1992,1992,°C,0.395,E,Estimated value
ET,Temperature change,159,China,7271,Temperature change,7001,January,1992,1992,°C,1.236,E,Estimated value
ET,Temperature change,159,China,7271,Temperature change,7002,February,1992,1992,°C,0.671,E,Estimated value
ET,Temperature change,159,China,7271,Temperature change,7003,March,1992,1992,°C,0.003,E,Estimated value
ET,Temperature change,159,China,7271,Temperature change,7004,April,1992,1992,°C,1.078,E,Estimated value
ET,Temperature change,159,China,7271,Temperature change,7005,May,1992,1992,°C,0.064,E,Estimated value
ET,Temperature change,159,China,7271,Temperature change,7006,June,1992,1992,°C,-0.377,E,Estimated value
ET,Temperature change,159,China,7271,Temperature change,7007,July,1992,1992,°C,-0.449,E,Estimated value
ET,Temperature change,159,China,7271,Temperature change,7008,August,1992,1992,°C,-0.193,E,Estimated value
ET,Temperature change,159,China,7271,Temperature change,7009,September,1992,1992,°C,-0.205,E,Estimated value
ET,Temperature change,159,China,7271,Temperature change,7010,October,1992,1992,°C,-0.655,E,Estimated value
ET,Temperature change,159,China,7271,Temperature change,7011,November,1992,1992,°C,-0.381,E,Estimated value
ET,Temperature change,159,China,7271,Temperature change,7012,December,1992,1992,°C,1.091,E,Estimated value
ET,Temperature change,1,World,7271,Temperature change,7001,January,1993,1993,°C,0.723,E,Estimated value
ET,Temperature change,1,World,7271,Temperature change,7002,February,1993,1993,°C,0.726,E,Estimated value
ET,Temperature change,1,World,7271,Temperature change,7003,March,1993,1993,°C,0.804,E,Estimated value
ET,Temperature change,1,World,7271,Temperature change,7004,April,1993,1993,°C,0.396,E,Estimated value
ET,Temperature change,1,World,7271,Temperature change,7005,May,1993,1993,°C,0.416,E,Estimated value
ET,Temperature change,1,World,7271,Temperature change,7006,June,1993,1993,°C,0.337,E,Estimated value
ET,Temperature change,1,World,7271,Temperature change,7007,July,1993,1993,°C,0.318,E,Estimated value
ET,Temperature change,1,World,7271,Temperature change,7008,August,1993,1993,°C,0.228,E,Estimated value
ET,Temperature change,1,World,7271,Temperature change,7009,September,1993,1993,°C,-0.039,E,Estimated value
ET,Temperature change,1,World,7271,Temperature change,7010,October,1993,1993,°C,0.275,E,Estimated value
ET,Temperature change,1,World,7271,Temperature change,7011,November,1993,1993,°C,-0.363,E,Estimated value
ET,Temperature change,1,World,7271,Temperature change,7012,December,1993,1993,°C,0.466,E,Estimated value
ET,Temperature change,159,China,7271,Temperature change,7001,January,1993,1993,°C,-0.176,E,Estimated value
ET,Temperature change,159,China,7271,Temperature change,7002,February,1993,1993,°C,2.857,E,Estimated value
ET,Temperature change,159,China,7271,Temperature change,7003,March,1993,1993,°C,1.115,E,Estimated value
ET,Temperature change,159,China,7271,Temperature change,7004,April,1993,1993,°C,0.049,E,Estimated value
ET,Temperature change,159,China,7271,Temperature change,7005,May,1993,1993,°C,-0.457,E,Estimated value
ET,Temperature change,159,China,7271,Temperature change,7006,June,1993,1993,°C,0.038,E,Estimated value
ET,Temperature change,159,China,7271,Temperature change,7007,July,1993,1993,°C,-0.436,E,Estimated value
ET,Temperature change,159,China,7271,Temperature change,7008,August,1993,1993,°C,-0.803,E,Estimated value
ET,Temperature change,159,China,7271,Temperature change,7009,September,1993,1993,°C,0.229,E,Estimated value
ET,Temperature change,159,China,7271,Temperature change,7010,October,1993,1993,°C,-0.252,E,Estimated value
ET,Temperature change,159,China,7271,Temperature change,7011,November,1993,1993,°C,-0.073,E,Estimated value
ET,Temperature change,159,China,7271,Temperature change,7012,December,1993,1993,°C,0.247,E,Estimated value
ET,Temperature change,1,World,7271,Temperature change,7001,January,1994,1994,°C,0.527,E,Estimated value
ET,Temperature change,1,World,7271,Temperature change,7002,February,1994,1994,°C,-0.253,E,Estimated value
ET,Temperature change,1,World,7271,Temperature change,7003,March,1994,1994,°C,0.712,E,Estimated value
ET,Temperature change,1,World,7271,Temperature change,7004,April,1994,1994,°C,0.629,E,Estimated value
ET,Temperature change,1,World,7271,Temperature change,7005,May,1994,1994,°C,0.698,E,Estimated value
ET,Temperature change,1,World,7271,Temperature change,7006,June,1994,1994,°C,0.642,E,Estimated value
ET,Temperature change,1,World,7271,Temperature change,7007,July,1994,1994,°C,0.36,E,Estimated value
ET,Temperature change,1,World,7271,Temperature change,7008,August,1994,1994,°C,0.36,E,Estimated value
ET,Temperature change,1,World,7271,Temperature change,7009,September,1994,1994,°C,0.486,E,Estimated value
ET,Temperature change,1,World,7271,Temperature change,7010,October,1994,1994,°C,0.732,E,Estimated value
ET,Temperature change,1,World,7271,Temperature change,7011,November,1994,1994,°C,0.734,E,Estimated value
ET,Temperature change,1,World,7271,Temperature change,7012,December,1994,1994,°C,0.522,E,Estimated value
ET,Temperature change,159,China,7271,Temperature change,7001,January,1994,1994,°C,1.295,E,Estimated value
ET,Temperature change,159,China,7271,Temperature change,7002,February,1994,1994,°C,1.183,E,Estimated value
ET,Temperature change,159,China,7271,Temperature change,7003,March,1994,1994,°C,-0.621,E,Estimated value
ET,Temperature change,159,China,7271,Temperature change,7004,April,1994,1994,°C,1.149,E,Estimated value
ET,Temperature change,159,China,7271,Temperature change,7005,May,1994,1994,°C,0.963,E,Estimated value
ET,Temperature change,159,China,7271,Temperature change,7006,June,1994,1994,°C,0.701,E,Estimated value
ET,Temperature change,159,China,7271,Temperature change,7007,July,1994,1994,°C,0.788,E,Estimated value
ET,Temperature change,159,China,7271,Temperature change,7008,August,1994,1994,°C,0.75,E,Estimated value
ET,Temperature change,159,China,7271,Temperature change,7009,September,1994,1994,°C,0.074,E,Estimated value
ET,Temperature change,159,China,7271,Temperature change,7010,October,1994,1994,°C,-0.342,E,Estimated value
ET,Temperature change,159,China,7271,Temperature change,7011,November,1994,1994,°C,2.419,E,Estimated value
ET,Temperature change,159,China,7271,Temperature change,7012,December,1994,1994,°C,1.16,E,Estimated value
ET,Temperature change,1,World,7271,Temperature change,7001,January,1995,1995,°C,1.224,E,Estimated value
ET,Temperature change,1,World,7271,Temperature change,7002,February,1995,1995,°C,1.707,E,Estimated value
ET,Temperature change,1,World,7271,Temperature change,7003,March,1995,1995,°C,0.844,E,Estimated value
ET,Temperature change,1,World,7271,Temperature change,7004,April,1995,1995,°C,0.714,E,Estimated value
ET,Temperature change,1,World,7271,Temperature change,7005,May,1995,1995,°C,0.572,E,Estimated value
ET,Temperature change,1,World,7271,Temperature change,7006,June,1995,1995,°C,0.796,E,Estimated value
ET,Temperature change,1,World,7271,Temperature change,7007,July,1995,1995,°C,0.544,E,Estimated value
ET,Temperature change,1,World,7271,Temperature change,7008,August,1995,1995,°C,0.861,E,Estimated value
ET,Temperature change,1,World,7271,Temperature change,7009,September,1995,1995,°C,0.656,E,Estimated value
ET,Temperature change,1,World,7271,Temperature change,7010,October,1995,1995,°C,0.843,E,Estimated value
ET,Temperature change,1,World,7271,Temperature change,7011,November,1995,1995,°C,0.768,E,Estimated value
ET,Temperature change,1,World,7271,Temperature change,7012,December,1995,1995,°C,0.414,E,Estimated value
ET,Temperature change,159,China,7271,Temperature change,7001,January,1995,1995,°C,0.5,E,Estimated value
ET,Temperature change,159,China,7271,Temperature change,7002,February,1995,1995,°C,1.331,E,Estimated value
ET,Temperature change,159,China,7271,Temperature change,7003,March,1995,1995,°C,0.366,E,Estimated value
ET,Temperature change,159,China,7271,Temperature change,7004,April,1995,1995,°C,-0.385,E,Estimated value
ET,Temperature change,159,China,7271,Temperature change,7005,May,1995,1995,°C,0.474,E,Estimated value
ET,Temperature change,159,China,7271,Temperature change,7006,June,1995,1995,°C,0.732,E,Estimated value
ET,Temperature change,159,China,7271,Temperature change,7007,July,1995,1995,°C,-0.006,E,Estimated value
ET,Temperature change,159,China,7271,Temperature change,7008,August,1995,1995,°C,0.055,E,Estimated value
ET,Temperature change,159,China,7271,Temperature change,7009,September,1995,1995,°C,0.407,E,Estimated value
ET,Temperature change,159,China,7271,Temperature change,7010,October,1995,1995,°C,0.943,E,Estimated value
ET,Temperature change,159,China,7271,Temperature change,7011,November,1995,1995,°C,1.148,E,Estimated value
ET,Temperature change,159,China,7271,Temperature change,7012,December,1995,1995,°C,0.602,E,Estimated value
ET,Temperature change,1,World,7271,Temperature change,7001,January,1996,1996,°C,0.271,E,Estimated value
ET,Temperature change,1,World,7271,Temperature change,7002,February,1996,1996,°C,0.806,E,Estimated value
ET,Temperature change,1,World,7271,Temperature change,7003,March,1996,1996,°C,0.298,E,Estimated value
ET,Temperature change,1,World,7271,Temperature change,7004,April,1996,1996,°C,0.099,E,Estimated value
ET,Temperature change,1,World,7271,Temperature change,7005,May,1996,1996,°C,0.602,E,Estimated value
ET,Temperature change,1,World,7271,Temperature change,7006,June,1996,1996,°C,0.375,E,Estimated value
ET,Temperature change,1,World,7271,Temperature change,7007,July,1996,1996,°C,0.466,E,Estimated value
ET,Temperature change,1,World,7271,Temperature change,7008,August,1996,1996,°C,0.371,E,Estimated value
ET,Temperature change,1,World,7271,Temperature change,7009,September,1996,1996,°C,0.099,E,Estimated value
ET,Temperature change,1,World,7271,Temperature change,7010,October,1996,1996,°C,0.187,E,Estimated value
ET,Temperature change,1,World,7271,Temperature change,7011,November,1996,1996,°C,0.415,E,Estimated value
ET,Temperature change,1,World,7271,Temperature change,7012,December,1996,1996,°C,0.596,E,Estimated value
ET,Temperature change,159,China,7271,Temperature change,7001,January,1996,1996,°C,0.44,E,Estimated value
ET,Temperature change,159,China,7271,Temperature change,7002,February,1996,1996,°C,0.526,E,Estimated value
ET,Temperature change,159,China,7271,Temperature change,7003,March,1996,1996,°C,0.095,E,Estimated value
ET,Temperature change,159,China,7271,Temperature change,7004,April,1996,1996,°C,-0.643,E,Estimated value
ET,Temperature change,159,China,7271,Temperature change,7005,May,1996,1996,°C,0.392,E,Estimated value
ET,Temperature change,159,China,7271,Temperature change,7006,June,1996,1996,°C,0.174,E,Estimated value
ET,Temperature change,159,China,7271,Temperature change,7007,July,1996,1996,°C,-0.029,E,Estimated value
ET,Temperature change,159,China,7271,Temperature change,7008,August,1996,1996,°C,-0.002,E,Estimated value
ET,Temperature change,159,China,7271,Temperature change,7009,September,1996,1996,°C,0.425,E,Estimated value
ET,Temperature change,159,China,7271,Temperature change,7010,October,1996,1996,°C,0.368,E,Estimated value
ET,Temperature change,159,China,7271,Temperature change,7011,November,1996,1996,°C,-0.011,E,Estimated value
ET,Temperature change,159,China,7271,Temperature change,7012,December,1996,1996,°C,1.035,E,Estimated value
ET,Temperature change,1,World,7271,Temperature change,7001,January,1997,1997,°C,0.567,E,Estimated value
ET,Temperature change,1,World,7271,Temperature change,7002,February,1997,1997,°C,0.791,E,Estimated value
ET,Temperature change,1,World,7271,Temperature change,7003,March,1997,1997,°C,0.829,E,Estimated value
ET,Temperature change,1,World,7271,Temperature change,7004,April,1997,1997,°C,0.631,E,Estimated value
ET,Temperature change,1,World,7271,Temperature change,7005,May,1997,1997,°C,0.455,E,Estimated value
ET,Temperature change,1,World,7271,Temperature change,7006,June,1997,1997,°C,0.675,E,Estimated value
ET,Temperature change,1,World,7271,Temperature change,7007,July,1997,1997,°C,0.508,E,Estimated value
ET,Temperature change,1,World,7271,Temperature change,7008,August,1997,1997,°C,0.669,E,Estimated value
ET,Temperature change,1,World,7271,Temperature change,7009,September,1997,1997,°C,0.76,E,Estimated value
ET,Temperature change,1,World,7271,Temperature change,7010,October,1997,1997,°C,0.822,E,Estimated value
ET,Temperature change,1,World,7271,Temperature change,7011,November,1997,1997,°C,0.632,E,Estimated value
ET,Temperature change,1,World,7271,Temperature change,7012,December,1997,1997,°C,0.659,E,Estimated value
ET,Temperature change,159,China,7271,Temperature change,7001,January,1997,1997,°C,1.296,E,Estimated value
ET,Temperature change,159,China,7271,Temperature change,7002,February,1997,1997,°C,0.951,E,Estimated value
ET,Temperature change,159,China,7271,Temperature change,7003,March,1997,1997,°C,1.883,E,Estimated value
ET,Temperature change,159,China,7271,Temperature change,7004,April,1997,1997,°C,0.766,E,Estimated value
ET,Temperature change,159,China,7271,Temperature change,7005,May,1997,1997,°C,0.965,E,Estimated value
ET,Temperature change,159,China,7271,Temperature change,7006,June,1997,1997,°C,0.409,E,Estimated value
ET,Temperature change,159,China,7271,Temperature change,7007,July,1997,1997,°C,0.52,E,Estimated value
ET,Temperature change,159,China,7271,Temperature change,7008,August,1997,1997,°C,0.689,E,Estimated value
ET,Temperature change,159,China,7271,Temperature change,7009,September,1997,1997,°C,-0.608,E,Estimated value
ET,Temperature change,159,China,7271,Temperature change,7010,October,1997,1997,°C,0.198,E,Estimated value
ET,Temperature change,159,China,7271,Temperature change,7011,November,1997,1997,°C,0.501,E,Estimated value
ET,Temperature change,159,China,7271,Temperature change,7012,December,1997,1997,°C,0.626,E,Estimated value
ET,Temperature change,1,World,7271,Temperature change,7001,January,1998,1998,°C,0.782,E,Estimated value
ET,Temperature change,1,World,7271,Temperature change,7002,February,1998,1998,°C,1.75,E,Estimated value
ET,Temperature change,1,World,7271,Temperature change,7003,March,1998,1998,°C,0.97,E,Estimated value
ET,Temperature change,1,World,7271,Temperature change,7004,April,1998,1998,°C,1.329,E,Estimated value
ET,Temperature change,1,World,7271,Temperature change,7005,May,1998,1998,°C,1.011,E,Estimated value
ET,Temperature change,1,World,7271,Temperature change,7006,June,1998,1998,°C,1.048,E,Estimated value
ET,Temperature change,1,World,7271,Temperature change,7007,July,1998,1998,°C,1.203,E,Estimated value
ET,Temperature change,1,World,7271,Temperature change,7008,August,1998,1998,°C,1.122,E,Estimated value
ET,Temperature change,1,World,7271,Temperature change,7009,September,1998,1998,°C,0.88,E,Estimated value
ET,Temperature change,1,World,7271,Temperature change,7010,October,1998,1998,°C,0.817,E,Estimated value
ET,Temperature change,1,World,7271,Temperature change,7011,November,1998,1998,°C,0.382,E,Estimated value
ET,Temperature change,1,World,7271,Temperature change,7012,December,1998,1998,°C,1.037,E,Estimated value
ET,Temperature change,159,China,7271,Temperature change,7001,January,1998,1998,°C,0.128,E,Estimated value
ET,Temperature change,159,China,7271,Temperature change,7002,February,1998,1998,°C,3.158,E,Estimated value
ET,Temperature change,159,China,7271,Temperature change,7003,March,1998,1998,°C,0.862,E,Estimated value
ET,Temperature change,159,China,7271,Temperature change,7004,April,1998,1998,°C,2.647,E,Estimated value
ET,Temperature change,159,China,7271,Temperature change,7005,May,1998,1998,°C,0.777,E,Estimated value
ET,Temperature change,159,China,7271,Temperature change,7006,June,1998,1998,°C,0.794,E,Estimated value
ET,Temperature change,159,China,7271,Temperature change,7007,July,1998,1998,°C,0.574,E,Estimated value
ET,Temperature change,159,China,7271,Temperature change,7008,August,1998,1998,°C,0.424,E,Estimated value
ET,Temperature change,159,China,7271,Temperature change,7009,September,1998,1998,°C,1.504,E,Estimated value
ET,Temperature change,159,China,7271,Temperature change,7010,October,1998,1998,°C,1.749,E,Estimated value
ET,Temperature change,159,China,7271,Temperature change,7011,November,1998,1998,°C,1.709,E,Estimated value
ET,Temperature change,159,China,7271,Temperature change,7012,December,1998,1998,°C,1.999,E,Estimated value
ET,Temperature change,1,World,7271,Temperature change,7001,January,1999,1999,°C,1.019,E,Estimated value
ET,Temperature change,1,World,7271,Temperature change,7002,February,1999,1999,°C,1.737,E,Estimated value
ET,Temperature change,1,World,7271,Temperature change,7003,March,1999,1999,°C,0.375,E,Estimated value
ET,Temperature change,1,World,7271,Temperature change,7004,April,1999,1999,°C,0.816,E,Estimated value
ET,Temperature change,1,World,7271,Temperature change,7005,May,1999,1999,°C,0.619,E,Estimated value
ET,Temperature change,1,World,7271,Temperature change,7006,June,1999,1999,°C,0.666,E,Estimated value
ET,Temperature change,1,World,7271,Temperature change,7007,July,1999,1999,°C,0.686,E,Estimated value
ET,Temperature change,1,World,7271,Temperature change,7008,August,1999,1999,°C,0.567,E,Estimated value
ET,Temperature change,1,World,7271,Temperature change,7009,September,1999,1999,°C,0.679,E,Estimated value
ET,Temperature change,1,World,7271,Temperature change,7010,October,1999,1999,°C,0.633,E,Estimated value
ET,Temperature change,1,World,7271,Temperature change,7011,November,1999,1999,°C,0.61,E,Estimated value
ET,Temperature change,1,World,7271,Temperature change,7012,December,1999,1999,°C,1.122,E,Estimated value
ET,Temperature change,159,China,7271,Temperature change,7001,January,1999,1999,°C,2.372,E,Estimated value
ET,Temperature change,159,China,7271,Temperature change,7002,February,1999,1999,°C,3.449,E,Estimated value
ET,Temperature change,159,China,7271,Temperature change,7003,March,1999,1999,°C,0.293,E,Estimated value
ET,Temperature change,159,China,7271,Temperature change,7004,April,1999,1999,°C,1.453,E,Estimated value
ET,Temperature change,159,China,7271,Temperature change,7005,May,1999,1999,°C,0.489,E,Estimated value
ET,Temperature change,159,China,7271,Temperature change,7006,June,1999,1999,°C,0.798,E,Estimated value
ET,Temperature change,159,China,7271,Temperature change,7007,July,1999,1999,°C,0.548,E,Estimated value
ET,Temperature change,159,China,7271,Temperature change,7008,August,1999,1999,°C,0.201,E,Estimated value
ET,Temperature change,159,China,7271,Temperature change,7009,September,1999,1999,°C,1.15,E,Estimated value
ET,Temperature change,159,China,7271,Temperature change,7010,October,1999,1999,°C,0.648,E,Estimated value
ET,Temperature change,159,China,7271,Temperature change,7011,November,1999,1999,°C,1.123,E,Estimated value
ET,Temperature change,159,China,7271,Temperature change,7012,December,1999,1999,°C,1.151,E,Estimated value
ET,Temperature change,1,World,7271,Temperature change,7001,January,2000,2000,°C,0.482,E,Estimated value
ET,Temperature change,1,World,7271,Temperature change,7002,February,2000,2000,°C,1.238,E,Estimated value
ET,Temperature change,1,World,7271,Temperature change,7003,March,2000,2000,°C,1.158,E,Estimated value
ET,Temperature change,1,World,7271,Temperature change,7004,April,2000,2000,°C,1.382,E,Estimated value
ET,Temperature change,1,World,7271,Temperature change,7005,May,2000,2000,°C,0.744,E,Estimated value
ET,Temperature change,1,World,7271,Temperature change,7006,June,2000,2000,°C,0.614,E,Estimated value
ET,Temperature change,1,World,7271,Temperature change,7007,July,2000,2000,°C,0.529,E,Estimated value
ET,Temperature change,1,World,7271,Temperature change,7008,August,2000,2000,°C,0.679,E,Estimated value
ET,Temperature change,1,World,7271,Temperature change,7009,September,2000,2000,°C,0.471,E,Estimated value
ET,Temperature change,1,World,7271,Temperature change,7010,October,2000,2000,°C,0.276,E,Estimated value
ET,Temperature change,1,World,7271,Temperature change,7011,November,2000,2000,°C,0.094,E,Estimated value
ET,Temperature change,1,World,7271,Temperature change,7012,December,2000,2000,°C,0.223,E,Estimated value
ET,Temperature change,159,China,7271,Temperature change,7001,January,2000,2000,°C,0.176,E,Estimated value
ET,Temperature change,159,China,7271,Temperature change,7002,February,2000,2000,°C,-0.171,E,Estimated value
ET,Temperature change,159,China,7271,Temperature change,7003,March,2000,2000,°C,0.842,E,Estimated value
ET,Temperature change,159,China,7271,Temperature change,7004,April,2000,2000,°C,0.693,E,Estimated value
ET,Temperature change,159,China,7271,Temperature change,7005,May,2000,2000,°C,1.571,E,Estimated value
ET,Temperature change,159,China,7271,Temperature change,7006,June,2000,2000,°C,0.976,E,Estimated value
ET,Temperature change,159,China,7271,Temperature change,7007,July,2000,2000,°C,1.18,E,Estimated value
ET,Temperature change,159,China,7271,Temperature change,7008,August,2000,2000,°C,0.393,E,Estimated value
ET,Temperature change,159,China,7271,Temperature change,7009,September,2000,2000,°C,0.626,E,Estimated value
ET,Temperature change,159,China,7271,Temperature change,7010,October,2000,2000,°C,-0.093,E,Estimated value
ET,Temperature change,159,China,7271,Temperature change,7011,November,2000,2000,°C,-0.702,E,Estimated value
ET,Temperature change,159,China,7271,Temperature change,7012,December,2000,2000,°C,0.973,E,Estimated value
ET,Temperature change,1,World,7271,Temperature change,7001,January,2001,2001,°C,0.817,E,Estimated value
ET,Temperature change,1,World,7271,Temperature change,7002,February,2001,2001,°C,0.607,E,Estimated value
ET,Temperature change,1,World,7271,Temperature change,7003,March,2001,2001,°C,1.196,E,Estimated value
ET,Temperature change,1,World,7271,Temperature change,7004,April,2001,2001,°C,0.971,E,Estimated value
ET,Temperature change,1,World,7271,Temperature change,7005,May,2001,2001,°C,1.013,E,Estimated value
ET,Temperature change,1,World,7271,Temperature change,7006,June,2001,2001,°C,0.686,E,Estimated value
ET,Temperature change,1,World,7271,Temperature change,7007,July,2001,2001,°C,0.833,E,Estimated value
ET,Temperature change,1,World,7271,Temperature change,7008,August,2001,2001,°C,0.981,E,Estimated value
ET,Temperature change,1,World,7271,Temperature change,7009,September,2001,2001,°C,0.694,E,Estimated value
ET,Temperature change,1,World,7271,Temperature change,7010,October,2001,2001,°C,0.64,E,Estimated value
ET,Temperature change,1,World,7271,Temperature change,7011,November,2001,2001,°C,1.334,E,Estimated value
ET,Temperature change,1,World,7271,Temperature change,7012,December,2001,2001,°C,0.732,E,Estimated value
ET,Temperature change,159,China,7271,Temperature change,7001,January,2001,2001,°C,0.72,E,Estimated value
ET,Temperature change,159,China,7271,Temperature change,7002,February,2001,2001,°C,1.438,E,Estimated value
ET,Temperature change,159,China,7271,Temperature change,7003,March,2001,2001,°C,1.14,E,Estimated value
ET,Temperature change,159,China,7271,Temperature change,7004,April,2001,2001,°C,0.489,E,Estimated value
ET,Temperature change,159,China,7271,Temperature change,7005,May,2001,2001,°C,1.108,E,Estimated value
ET,Temperature change,159,China,7271,Temperature change,7006,June,2001,2001,°C,1.066,E,Estimated value
ET,Temperature change,159,China,7271,Temperature change,7007,July,2001,2001,°C,1.076,E,Estimated value
ET,Temperature change,159,China,7271,Temperature change,7008,August,2001,2001,°C,0.405,E,Estimated value
ET,Temperature change,159,China,7271,Temperature change,7009,September,2001,2001,°C,0.816,E,Estimated value
ET,Temperature change,159,China,7271,Temperature change,7010,October,2001,2001,°C,1.302,E,Estimated value
ET,Temperature change,159,China,7271,Temperature change,7011,November,2001,2001,°C,1.695,E,Estimated value
ET,Temperature change,159,China,7271,Temperature change,7012,December,2001,2001,°C,-0.244,E,Estimated value
ET,Temperature change,1,World,7271,Temperature change,7001,January,2002,2002,°C,1.405,E,Estimated value
ET,Temperature change,1,World,7271,Temperature change,7002,February,2002,2002,°C,1.825,E,Estimated value
ET,Temperature change,1,World,7271,Temperature change,7003,March,2002,2002,°C,1.603,E,Estimated value
ET,Temperature change,1,World,7271,Temperature change,7004,April,2002,2002,°C,0.804,E,Estimated value
ET,Temperature change,1,World,7271,Temperature change,7005,May,2002,2002,°C,0.768,E,Estimated value
ET,Temperature change,1,World,7271,Temperature change,7006,June,2002,2002,°C,0.782,E,Estimated value
ET,Temperature change,1,World,7271,Temperature change,7007,July,2002,2002,°C,1.041,E,Estimated value
ET,Temperature change,1,World,7271,Temperature change,7008,August,2002,2002,°C,0.859,E,Estimated value
ET,Temperature change,1,World,7271,Temperature change,7009,September,2002,2002,°C,0.839,E,Estimated value
ET,Temperature change,1,World,7271,Temperature change,7010,October,2002,2002,°C,0.607,E,Estimated value
ET,Temperature change,1,World,7271,Temperature change,7011,November,2002,2002,°C,0.953,E,Estimated value
ET,Temperature change,1,World,7271,Temperature change,7012,December,2002,2002,°C,0.346,E,Estimated value
ET,Temperature change,159,China,7271,Temperature change,7001,January,2002,2002,°C,2.777,E,Estimated value
ET,Temperature change,159,China,7271,Temperature change,7002,February,2002,2002,°C,3.734,E,Estimated value
ET,Temperature change,159,China,7271,Temperature change,7003,March,2002,2002,°C,2.631,E,Estimated value
ET,Temperature change,159,China,7271,Temperature change,7004,April,2002,2002,°C,1.171,E,Estimated value
ET,Temperature change,159,China,7271,Temperature change,7005,May,2002,2002,°C,0.512,E,Estimated value
ET,Temperature change,159,China,7271,Temperature change,7006,June,2002,2002,°C,1.106,E,Estimated value
ET,Temperature change,159,China,7271,Temperature change,7007,July,2002,2002,°C,0.549,E,Estimated value
ET,Temperature change,159,China,7271,Temperature change,7008,August,2002,2002,°C,0.476,E,Estimated value
ET,Temperature change,159,China,7271,Temperature change,7009,September,2002,2002,°C,0.23,E,Estimated value
ET,Temperature change,159,China,7271,Temperature change,7010,October,2002,2002,°C,0.019,E,Estimated value
ET,Temperature change,159,China,7271,Temperature change,7011,November,2002,2002,°C,0.384,E,Estimated value
ET,Temperature change,159,China,7271,Temperature change,7012,December,2002,2002,°C,0.034,E,Estimated value
ET,Temperature change,1,World,7271,Temperature change,7001,January,2003,2003,°C,1.378,E,Estimated value
ET,Temperature change,1,World,7271,Temperature change,7002,February,2003,2003,°C,0.905,E,Estimated value
ET,Temperature change,1,World,7271,Temperature change,7003,March,2003,2003,°C,0.805,E,Estimated value
ET,Temperature change,1,World,7271,Temperature change,7004,April,2003,2003,°C,0.871,E,Estimated value
ET,Temperature change,1,World,7271,Temperature change,7005,May,2003,2003,°C,1.022,E,Estimated value
ET,Temperature change,1,World,7271,Temperature change,7006,June,2003,2003,°C,0.74,E,Estimated value
ET,Temperature change,1,World,7271,Temperature change,7007,July,2003,2003,°C,0.792,E,Estimated value
ET,Temperature change,1,World,7271,Temperature change,7008,August,2003,2003,°C,0.941,E,Estimated value
ET,Temperature change,1,World,7271,Temperature change,7009,September,2003,2003,°C,0.889,E,Estimated value
ET,Temperature change,1,World,7271,Temperature change,7010,October,2003,2003,°C,1.215,E,Estimated value
ET,Temperature change,1,World,7271,Temperature change,7011,November,2003,2003,°C,0.784,E,Estimated value
ET,Temperature change,1,World,7271,Temperature change,7012,December,2003,2003,°C,1.425,E,Estimated value
ET,Temperature change,159,China,7271,Temperature change,7001,January,2003,2003,°C,1.336,E,Estimated value
ET,Temperature change,159,China,7271,Temperature change,7002,February,2003,2003,°C,2.523,E,Estimated value
ET,Temperature change,159,China,7271,Temperature change,7003,March,2003,2003,°C,1.049,E,Estimated value
ET,Temperature change,159,China,7271,Temperature change,7004,April,2003,2003,°C,0.937,E,Estimated value
ET,Temperature change,159,China,7271,Temperature change,7005,May,2003,2003,°C,0.402,E,Estimated value
ET,Temperature change,159,China,7271,Temperature change,7006,June,2003,2003,°C,0.473,E,Estimated value
ET,Temperature change,159,China,7271,Temperature change,7007,July,2003,2003,°C,0.089,E,Estimated value
ET,Temperature change,159,China,7271,Temperature change,7008,August,2003,2003,°C,0.34,E,Estimated value
ET,Temperature change,159,China,7271,Temperature change,7009,September,2003,2003,°C,0.966,E,Estimated value
ET,Temperature change,159,China,7271,Temperature change,7010,October,2003,2003,°C,0.711,E,Estimated value
ET,Temperature change,159,China,7271,Temperature change,7011,November,2003,2003,°C,0.737,E,Estimated value
ET,Temperature change,159,China,7271,Temperature change,7012,December,2003,2003,°C,0.972,E,Estimated value
ET,Temperature change,1,World,7271,Temperature change,7001,January,2004,2004,°C,0.996,E,Estimated value
ET,Temperature change,1,World,7271,Temperature change,7002,February,2004,2004,°C,1.366,E,Estimated value
ET,Temperature change,1,World,7271,Temperature change,7003,March,2004,2004,°C,1.308,E,Estimated value
ET,Temperature change,1,World,7271,Temperature change,7004,April,2004,2004,°C,0.879,E,Estimated value
ET,Temperature change,1,World,7271,Temperature change,7005,May,2004,2004,°C,0.453,E,Estimated value
ET,Temperature change,1,World,7271,Temperature change,7006,June,2004,2004,°C,0.57,E,Estimated value
ET,Temperature change,1,World,7271,Temperature change,7007,July,2004,2004,°C,0.489,E,Estimated value
ET,Temperature change,1,World,7271,Temperature change,7008,August,2004,2004,°C,0.523,E,Estimated value
ET,Temperature change,1,World,7271,Temperature change,7009,September,2004,2004,°C,0.658,E,Estimated value
ET,Temperature change,1,World,7271,Temperature change,7010,October,2004,2004,°C,0.876,E,Estimated value
ET,Temperature change,1,World,7271,Temperature change,7011,November,2004,2004,°C,1.361,E,Estimated value
ET,Temperature change,1,World,7271,Temperature change,7012,December,2004,2004,°C,0.508,E,Estimated value
ET,Temperature change,159,China,7271,Temperature change,7001,January,2004,2004,°C,1.229,E,Estimated value
ET,Temperature change,159,China,7271,Temperature change,7002,February,2004,2004,°C,2.695,E,Estimated value
ET,Temperature change,159,China,7271,Temperature change,7003,March,2004,2004,°C,1.755,E,Estimated value
ET,Temperature change,159,China,7271,Temperature change,7004,April,2004,2004,°C,2.125,E,Estimated value
ET,Temperature change,159,China,7271,Temperature change,7005,May,2004,2004,°C,0.653,E,Estimated value
ET,Temperature change,159,China,7271,Temperature change,7006,June,2004,2004,°C,0.671,E,Estimated value
ET,Temperature change,159,China,7271,Temperature change,7007,July,2004,2004,°C,0.259,E,Estimated value
ET,Temperature change,159,China,7271,Temperature change,7008,August,2004,2004,°C,0.128,E,Estimated value
ET,Temperature change,159,China,7271,Temperature change,7009,September,2004,2004,°C,0.737,E,Estimated value
ET,Temperature change,159,China,7271,Temperature change,7010,October,2004,2004,°C,0.366,E,Estimated value
ET,Temperature change,159,China,7271,Temperature change,7011,November,2004,2004,°C,1.396,E,Estimated value
ET,Temperature change,159,China,7271,Temperature change,7012,December,2004,2004,°C,1.353,E,Estimated value
ET,Temperature change,1,World,7271,Temperature change,7001,January,2005,2005,°C,1.16,E,Estimated value
ET,Temperature change,1,World,7271,Temperature change,7002,February,2005,2005,°C,0.814,E,Estimated value
ET,Temperature change,1,World,7271,Temperature change,7003,March,2005,2005,°C,1.311,E,Estimated value
ET,Temperature change,1,World,7271,Temperature change,7004,April,2005,2005,°C,1.409,E,Estimated value
ET,Temperature change,1,World,7271,Temperature change,7005,May,2005,2005,°C,1.04,E,Estimated value
ET,Temperature change,1,World,7271,Temperature change,7006,June,2005,2005,°C,1.082,E,Estimated value
ET,Temperature change,1,World,7271,Temperature change,7007,July,2005,2005,°C,0.971,E,Estimated value
ET,Temperature change,1,World,7271,Temperature change,7008,August,2005,2005,°C,0.875,E,Estimated value
ET,Temperature change,1,World,7271,Temperature change,7009,September,2005,2005,°C,1.116,E,Estimated value
ET,Temperature change,1,World,7271,Temperature change,7010,October,2005,2005,°C,1.294,E,Estimated value
ET,Temperature change,1,World,7271,Temperature change,7011,November,2005,2005,°C,1.507,E,Estimated value
ET,Temperature change,1,World,7271,Temperature change,7012,December,2005,2005,°C,1.064,E,Estimated value
ET,Temperature change,159,China,7271,Temperature change,7001,January,2005,2005,°C,0.921,E,Estimated value
ET,Temperature change,159,China,7271,Temperature change,7002,February,2005,2005,°C,-0.408,E,Estimated value
ET,Temperature change,159,China,7271,Temperature change,7003,March,2005,2005,°C,0.955,E,Estimated value
ET,Temperature change,159,China,7271,Temperature change,7004,April,2005,2005,°C,1.519,E,Estimated value
ET,Temperature change,159,China,7271,Temperature change,7005,May,2005,2005,°C,0.611,E,Estimated value
ET,Temperature change,159,China,7271,Temperature change,7006,June,2005,2005,°C,1.535,E,Estimated value
ET,Temperature change,159,China,7271,Temperature change,7007,July,2005,2005,°C,0.95,E,Estimated value
ET,Temperature change,159,China,7271,Temperature change,7008,August,2005,2005,°C,0.331,E,Estimated value
ET,Temperature change,159,China,7271,Temperature change,7009,September,2005,2005,°C,1.652,E,Estimated value
ET,Temperature change,159,China,7271,Temperature change,7010,October,2005,2005,°C,0.971,E,Estimated value
ET,Temperature change,159,China,7271,Temperature change,7011,November,2005,2005,°C,1.855,E,Estimated value
ET,Temperature change,159,China,7271,Temperature change,7012,December,2005,2005,°C,-0.613,E,Estimated value
ET,Temperature change,1,World,7271,Temperature change,7001,January,2006,2006,°C,0.709,E,Estimated value
ET,Temperature change,1,World,7271,Temperature change,7002,February,2006,2006,°C,1.356,E,Estimated value
ET,Temperature change,1,World,7271,Temperature change,7003,March,2006,2006,°C,1.181,E,Estimated value
ET,Temperature change,1,World,7271,Temperature change,7004,April,2006,2006,°C,0.759,E,Estimated value
ET,Temperature change,1,World,7271,Temperature change,7005,May,2006,2006,°C,0.699,E,Estimated value
ET,Temperature change,1,World,7271,Temperature change,7006,June,2006,2006,°C,1.094,E,Estimated value
ET,Temperature change,1,World,7271,Temperature change,7007,July,2006,2006,°C,0.961,E,Estimated value
ET,Temperature change,1,World,7271,Temperature change,7008,August,2006,2006,°C,0.938,E,Estimated value
ET,Temperature change,1,World,7271,Temperature change,7009,September,2006,2006,°C,0.891,E,Estimated value
ET,Temperature change,1,World,7271,Temperature change,7010,October,2006,2006,°C,1.187,E,Estimated value
ET,Temperature change,1,World,7271,Temperature change,7011,November,2006,2006,°C,0.949,E,Estimated value
ET,Temperature change,1,World,7271,Temperature change,7012,December,2006,2006,°C,1.439,E,Estimated value
ET,Temperature change,159,China,7271,Temperature change,7001,January,2006,2006,°C,1.413,E,Estimated value
ET,Temperature change,159,China,7271,Temperature change,7002,February,2006,2006,°C,2.136,E,Estimated value
ET,Temperature change,159,China,7271,Temperature change,7003,March,2006,2006,°C,1.279,E,Estimated value
ET,Temperature change,159,China,7271,Temperature change,7004,April,2006,2006,°C,0.79,E,Estimated value
ET,Temperature change,159,China,7271,Temperature change,7005,May,2006,2006,°C,0.958,E,Estimated value
ET,Temperature change,159,China,7271,Temperature change,7006,June,2006,2006,°C,0.949,E,Estimated value
ET,Temperature change,159,China,7271,Temperature change,7007,July,2006,2006,°C,0.957,E,Estimated value
ET,Temperature change,159,China,7271,Temperature change,7008,August,2006,2006,°C,1.436,E,Estimated value
ET,Temperature change,159,China,7271,Temperature change,7009,September,2006,2006,°C,0.756,E,Estimated value
ET,Temperature change,159,China,7271,Temperature change,7010,October,2006,2006,°C,2.368,E,Estimated value
ET,Temperature change,159,China,7271,Temperature change,7011,November,2006,2006,°C,2.004,E,Estimated value
ET,Temperature change,159,China,7271,Temperature change,7012,December,2006,2006,°C,1.116,E,Estimated value
ET,Temperature change,1,World,7271,Temperature change,7001,January,2007,2007,°C,2.067,E,Estimated value
ET,Temperature change,1,World,7271,Temperature change,7002,February,2007,2007,°C,1.198,E,Estimated value
ET,Temperature change,1,World,7271,Temperature change,7003,March,2007,2007,°C,1.243,E,Estimated value
ET,Temperature change,1,World,7271,Temperature change,7004,April,2007,2007,°C,1.488,E,Estimated value
ET,Temperature change,1,World,7271,Temperature change,7005,May,2007,2007,°C,1.076,E,Estimated value
ET,Temperature change,1,World,7271,Temperature change,7006,June,2007,2007,°C,0.763,E,Estimated value
ET,Temperature change,1,World,7271,Temperature change,7007,July,2007,2007,°C,0.824,E,Estimated value
ET,Temperature change,1,World,7271,Temperature change,7008,August,2007,2007,°C,0.911,E,Estimated value
ET,Temperature change,1,World,7271,Temperature change,7009,September,2007,2007,°C,0.987,E,Estimated value
ET,Temperature change,1,World,7271,Temperature change,7010,October,2007,2007,°C,1.137,E,Estimated value
ET,Temperature change,1,World,7271,Temperature change,7011,November,2007,2007,°C,1.039,E,Estimated value
ET,Temperature change,1,World,7271,Temperature change,7012,December,2007,2007,°C,0.968,E,Estimated value
ET,Temperature change,159,China,7271,Temperature change,7001,January,2007,2007,°C,2.004,E,Estimated value
ET,Temperature change,159,China,7271,Temperature change,7002,February,2007,2007,°C,4.34,E,Estimated value
ET,Temperature change,159,China,7271,Temperature change,7003,March,2007,2007,°C,1.492,E,Estimated value
ET,Temperature change,159,China,7271,Temperature change,7004,April,2007,2007,°C,1.087,E,Estimated value
ET,Temperature change,159,China,7271,Temperature change,7005,May,2007,2007,°C,1.86,E,Estimated value
ET,Temperature change,159,China,7271,Temperature change,7006,June,2007,2007,°C,1.304,E,Estimated value
ET,Temperature change,159,China,7271,Temperature change,7007,July,2007,2007,°C,0.581,E,Estimated value
ET,Temperature change,159,China,7271,Temperature change,7008,August,2007,2007,°C,1.16,E,Estimated value
ET,Temperature change,159,China,7271,Temperature change,7009,September,2007,2007,°C,1.014,E,Estimated value
ET,Temperature change,159,China,7271,Temperature change,7010,October,2007,2007,°C,0.726,E,Estimated value
ET,Temperature change,159,China,7271,Temperature change,7011,November,2007,2007,°C,1.416,E,Estimated value
ET,Temperature change,159,China,7271,Temperature change,7012,December,2007,2007,°C,2.046,E,Estimated value
ET,Temperature change,1,World,7271,Temperature change,7001,January,2008,2008,°C,0.306,E,Estimated value
ET,Temperature change,1,World,7271,Temperature change,7002,February,2008,2008,°C,0.634,E,Estimated value
ET,Temperature change,1,World,7271,Temperature change,7003,March,2008,2008,°C,1.804,E,Estimated value
ET,Temperature change,1,World,7271,Temperature change,7004,April,2008,2008,°C,0.816,E,Estimated value
ET,Temperature change,1,World,7271,Temperature change,7005,May,2008,2008,°C,0.798,E,Estimated value
ET,Temperature change,1,World,7271,Temperature change,7006,June,2008,2008,°C,0.786,E,Estimated value
ET,Temperature change,1,World,7271,Temperature change,7007,July,2008,2008,°C,0.876,E,Estimated value
ET,Temperature change,1,World,7271,Temperature change,7008,August,2008,2008,°C,0.788,E,Estimated value
ET,Temperature change,1,World,7271,Temperature change,7009,September,2008,2008,°C,0.678,E,Estimated value
ET,Temperature change,1,World,7271,Temperature change,7010,October,2008,2008,°C,1.27,E,Estimated value
ET,Temperature change,1,World,7271,Temperature change,7011,November,2008,2008,°C,1.321,E,Estimated value
ET,Temperature change,1,World,7271,Temperature change,7012,December,2008,2008,°C,0.794,E,Estimated value
ET,Temperature change,159,China,7271,Temperature change,7001,January,2008,2008,°C,-0.308,E,Estimated value
ET,Temperature change,159,China,7271,Temperature change,7002,February,2008,2008,°C,-0.747,E,Estimated value
ET,Temperature change,159,China,7271,Temperature change,7003,March,2008,2008,°C,3.217,E,Estimated value
ET,Temperature change,159,China,7271,Temperature change,7004,April,2008,2008,°C,1.574,E,Estimated value
ET,Temperature change,159,China,7271,Temperature change,7005,May,2008,2008,°C,1.328,E,Estimated value
ET,Temperature change,159,China,7271,Temperature change,7006,June,2008,2008,°C,0.963,E,Estimated value
ET,Temperature change,159,China,7271,Temperature change,7007,July,2008,2008,°C,0.705,E,Estimated value
ET,Temperature change,159,China,7271,Temperature change,7008,August,2008,2008,°C,0.254,E,Estimated value
ET,Temperature change,159,China,7271,Temperature change,7009,September,2008,2008,°C,1.058,E,Estimated value
ET,Temperature change,159,China,7271,Temperature change,7010,October,2008,2008,°C,1.483,E,Estimated value
ET,Temperature change,159,China,7271,Temperature change,7011,November,2008,2008,°C,1.155,E,Estimated value
ET,Temperature change,159,China,7271,Temperature change,7012,December,2008,2008,°C,1.568,E,Estimated value
ET,Temperature change,1,World,7271,Temperature change,7001,January,2009,2009,°C,1.062,E,Estimated value
ET,Temperature change,1,World,7271,Temperature change,7002,February,2009,2009,°C,1.103,E,Estimated value
ET,Temperature change,1,World,7271,Temperature change,7003,March,2009,2009,°C,0.968,E,Estimated value
ET,Temperature change,1,World,7271,Temperature change,7004,April,2009,2009,°C,1.076,E,Estimated value
ET,Temperature change,1,World,7271,Temperature change,7005,May,2009,2009,°C,0.766,E,Estimated value
ET,Temperature change,1,World,7271,Temperature change,7006,June,2009,2009,°C,0.8,E,Estimated value
ET,Temperature change,1,World,7271,Temperature change,7007,July,2009,2009,°C,0.719,E,Estimated value
ET,Temperature change,1,World,7271,Temperature change,7008,August,2009,2009,°C,0.948,E,Estimated value
ET,Temperature change,1,World,7271,Temperature change,7009,September,2009,2009,°C,1.184,E,Estimated value
ET,Temperature change,1,World,7271,Temperature change,7010,October,2009,2009,°C,0.872,E,Estimated value
ET,Temperature change,1,World,7271,Temperature change,7011,November,2009,2009,°C,1.034,E,Estimated value
ET,Temperature change,1,World,7271,Temperature change,7012,December,2009,2009,°C,0.592,E,Estimated value
ET,Temperature change,159,China,7271,Temperature change,7001,January,2009,2009,°C,1.605,E,Estimated value
ET,Temperature change,159,China,7271,Temperature change,7002,February,2009,2009,°C,3.57,E,Estimated value
ET,Temperature change,159,China,7271,Temperature change,7003,March,2009,2009,°C,1.471,E,Estimated value
ET,Temperature change,159,China,7271,Temperature change,7004,April,2009,2009,°C,2.135,E,Estimated value
ET,Temperature change,159,China,7271,Temperature change,7005,May,2009,2009,°C,1.052,E,Estimated value
ET,Temperature change,159,China,7271,Temperature change,7006,June,2009,2009,°C,0.905,E,Estimated value
ET,Temperature change,159,China,7271,Temperature change,7007,July,2009,2009,°C,0.606,E,Estimated value
ET,Temperature change,159,China,7271,Temperature change,7008,August,2009,2009,°C,0.574,E,Estimated value
ET,Temperature change,159,China,7271,Temperature change,7009,September,2009,2009,°C,1.227,E,Estimated value
ET,Temperature change,159,China,7271,Temperature change,7010,October,2009,2009,°C,1.685,E,Estimated value
ET,Temperature change,159,China,7271,Temperature change,7011,November,2009,2009,°C,-0.697,E,Estimated value
ET,Temperature change,159,China,7271,Temperature change,7012,December,2009,2009,°C,0.352,E,Estimated value
ET,Temperature change,1,World,7271,Temperature change,7001,January,2010,2010,°C,1.08,E,Estimated value
ET,Temperature change,1,World,7271,Temperature change,7002,February,2010,2010,°C,1.281,E,Estimated value
ET,Temperature change,1,World,7271,Temperature change,7003,March,2010,2010,°C,1.56,E,Estimated value
ET,Temperature change,1,World,7271,Temperature change,7004,April,2010,2010,°C,1.518,E,Estimated value
ET,Temperature change,1,World,7271,Temperature change,7005,May,2010,2010,°C,1.246,E,Estimated value
ET,Temperature change,1,World,7271,Temperature change,7006,June,2010,2010,°C,1.192,E,Estimated value
ET,Temperature change,1,World,7271,Temperature change,7007,July,2010,2010,°C,1.21,E,Estimated value
ET,Temperature change,1,World,7271,Temperature change,7008,August,2010,2010,°C,1.074,E,Estimated value
ET,Temperature change,1,World,7271,Temperature change,7009,September,2010,2010,°C,0.894,E,Estimated value
ET,Temperature change,1,World,7271,Temperature change,7010,October,2010,2010,°C,1.173,E,Estimated value
ET,Temperature change,1,World,7271,Temperature change,7011,November,2010,2010,°C,1.641,E,Estimated value
ET,Temperature change,1,World,7271,Temperature change,7012,December,2010,2010,°C,0.613,E,Estimated value
ET,Temperature change,159,China,7271,Temperature change,7001,January,2010,2010,°C,1.837,E,Estimated value
ET,Temperature change,159,China,7271,Temperature change,7002,February,2010,2010,°C,1.415,E,Estimated value
ET,Temperature change,159,China,7271,Temperature change,7003,March,2010,2010,°C,0.343,E,Estimated value
ET,Temperature change,159,China,7271,Temperature change,7004,April,2010,2010,°C,-0.89,E,Estimated value
ET,Temperature change,159,China,7271,Temperature change,7005,May,2010,2010,°C,0.857,E,Estimated value
ET,Temperature change,159,China,7271,Temperature change,7006,June,2010,2010,°C,1.185,E,Estimated value
ET,Temperature change,159,China,7271,Temperature change,7007,July,2010,2010,°C,1.432,E,Estimated value
ET,Temperature change,159,China,7271,Temperature change,7008,August,2010,2010,°C,1.059,E,Estimated value
ET,Temperature change,159,China,7271,Temperature change,7009,September,2010,2010,°C,1.199,E,Estimated value
ET,Temperature change,159,China,7271,Temperature change,7010,October,2010,2010,°C,0.7,E,Estimated value
ET,Temperature change,159,China,7271,Temperature change,7011,November,2010,2010,°C,1.788,E,Estimated value
ET,Temperature change,159,China,7271,Temperature change,7012,December,2010,2010,°C,0.601,E,Estimated value
ET,Temperature change,1,World,7271,Temperature change,7001,January,2011,2011,°C,0.689,E,Estimated value
ET,Temperature change,1,World,7271,Temperature change,7002,February,2011,2011,°C,0.538,E,Estimated value
ET,Temperature change,1,World,7271,Temperature change,7003,March,2011,2011,°C,1.002,E,Estimated value
ET,Temperature change,1,World,7271,Temperature change,7004,April,2011,2011,°C,1.229,E,Estimated value
ET,Temperature change,1,World,7271,Temperature change,7005,May,2011,2011,°C,0.84,E,Estimated value
ET,Temperature change,1,World,7271,Temperature change,7006,June,2011,2011,°C,1.026,E,Estimated value
ET,Temperature change,1,World,7271,Temperature change,7007,July,2011,2011,°C,1.036,E,Estimated value
ET,Temperature change,1,World,7271,Temperature change,7008,August,2011,2011,°C,1.016,E,Estimated value
ET,Temperature change,1,World,7271,Temperature change,7009,September,2011,2011,°C,1.005,E,Estimated value
ET,Temperature change,1,World,7271,Temperature change,7010,October,2011,2011,°C,1.174,E,Estimated value
ET,Temperature change,1,World,7271,Temperature change,7011,November,2011,2011,°C,0.725,E,Estimated value
ET,Temperature change,1,World,7271,Temperature change,7012,December,2011,2011,°C,1.027,E,Estimated value
ET,Temperature change,159,China,7271,Temperature change,7001,January,2011,2011,°C,-1.985,E,Estimated value
ET,Temperature change,159,China,7271,Temperature change,7002,February,2011,2011,°C,2.284,E,Estimated value
ET,Temperature change,159,China,7271,Temperature change,7003,March,2011,2011,°C,-0.661,E,Estimated value
ET,Temperature change,159,China,7271,Temperature change,7004,April,2011,2011,°C,1.354,E,Estimated value
ET,Temperature change,159,China,7271,Temperature change,7005,May,2011,2011,°C,0.701,E,Estimated value
ET,Temperature change,159,China,7271,Temperature change,7006,June,2011,2011,°C,1.27,E,Estimated value
ET,Temperature change,159,China,7271,Temperature change,7007,July,2011,2011,°C,0.775,E,Estimated value
ET,Temperature change,159,China,7271,Temperature change,7008,August,2011,2011,°C,0.994,E,Estimated value
ET,Temperature change,159,China,7271,Temperature change,7009,September,2011,2011,°C,0.437,E,Estimated value
ET,Temperature change,159,China,7271,Temperature change,7010,October,2011,2011,°C,1.181,E,Estimated value
ET,Temperature change,159,China,7271,Temperature change,7011,November,2011,2011,°C,2.184,E,Estimated value
ET,Temperature change,159,China,7271,Temperature change,7012,December,2011,2011,°C,0.349,E,Estimated value
ET,Temperature change,1,World,7271,Temperature change,7001,January,2012,2012,°C,0.631,E,Estimated value
ET,Temperature change,1,World,7271,Temperature change,7002,February,2012,2012,°C,0.508,E,Estimated value
ET,Temperature change,1,World,7271,Temperature change,7003,March,2012,2012,°C,0.873,E,Estimated value
ET,Temperature change,1,World,7271,Temperature change,7004,April,2012,2012,°C,1.527,E,Estimated value
ET,Temperature change,1,World,7271,Temperature change,7005,May,2012,2012,°C,1.378,E,Estimated value
ET,Temperature change,1,World,7271,Temperature change,7006,June,2012,2012,°C,1.287,E,Estimated value
ET,Temperature change,1,World,7271,Temperature change,7007,July,2012,2012,°C,1.056,E,Estimated value
ET,Temperature change,1,World,7271,Temperature change,7008,August,2012,2012,°C,1.004,E,Estimated value
ET,Temperature change,1,World,7271,Temperature change,7009,September,2012,2012,°C,1.11,E,Estimated value
ET,Temperature change,1,World,7271,Temperature change,7010,October,2012,2012,°C,1.129,E,Estimated value
ET,Temperature change,1,World,7271,Temperature change,7011,November,2012,2012,°C,1.183,E,Estimated value
ET,Temperature change,1,World,7271,Temperature change,7012,December,2012,2012,°C,0.283,E,Estimated value
ET,Temperature change,159,China,7271,Temperature change,7001,January,2012,2012,°C,-0.736,E,Estimated value
ET,Temperature change,159,China,7271,Temperature change,7002,February,2012,2012,°C,0.114,E,Estimated value
ET,Temperature change,159,China,7271,Temperature change,7003,March,2012,2012,°C,0.388,E,Estimated value
ET,Temperature change,159,China,7271,Temperature change,7004,April,2012,2012,°C,1.721,E,Estimated value
ET,Temperature change,159,China,7271,Temperature change,7005,May,2012,2012,°C,1.591,E,Estimated value
ET,Temperature change,159,China,7271,Temperature change,7006,June,2012,2012,°C,1.042,E,Estimated value
ET,Temperature change,159,China,7271,Temperature change,7007,July,2012,2012,°C,0.828,E,Estimated value
ET,Temperature change,159,China,7271,Temperature change,7008,August,2012,2012,°C,0.837,E,Estimated value
ET,Temperature change,159,China,7271,Temperature change,7009,September,2012,2012,°C,0.52,E,Estimated value
ET,Temperature change,159,China,7271,Temperature change,7010,October,2012,2012,°C,0.542,E,Estimated value
ET,Temperature change,159,China,7271,Temperature change,7011,November,2012,2012,°C,-0.057,E,Estimated value
ET,Temperature change,159,China,7271,Temperature change,7012,December,2012,2012,°C,-0.631,E,Estimated value
ET,Temperature change,1,World,7271,Temperature change,7001,January,2013,2013,°C,1.12,E,Estimated value
ET,Temperature change,1,World,7271,Temperature change,7002,February,2013,2013,°C,1.317,E,Estimated value
ET,Temperature change,1,World,7271,Temperature change,7003,March,2013,2013,°C,1.112,E,Estimated value
ET,Temperature change,1,World,7271,Temperature change,7004,April,2013,2013,°C,0.876,E,Estimated value
ET,Temperature change,1,World,7271,Temperature change,7005,May,2013,2013,°C,1.176,E,Estimated value
ET,Temperature change,1,World,7271,Temperature change,7006,June,2013,2013,°C,1.162,E,Estimated value
ET,Temperature change,1,World,7271,Temperature change,7007,July,2013,2013,°C,0.87,E,Estimated value
ET,Temperature change,1,World,7271,Temperature change,7008,August,2013,2013,°C,0.835,E,Estimated value
ET,Temperature change,1,World,7271,Temperature change,7009,September,2013,2013,°C,0.869,E,Estimated value
ET,Temperature change,1,World,7271,Temperature change,7010,October,2013,2013,°C,0.994,E,Estimated value
ET,Temperature change,1,World,7271,Temperature change,7011,November,2013,2013,°C,1.476,E,Estimated value
ET,Temperature change,1,World,7271,Temperature change,7012,December,2013,2013,°C,1.032,E,Estimated value
ET,Temperature change,159,China,7271,Temperature change,7001,January,2013,2013,°C,0.508,E,Estimated value
ET,Temperature change,159,China,7271,Temperature change,7002,February,2013,2013,°C,1.654,E,Estimated value
ET,Temperature change,159,China,7271,Temperature change,7003,March,2013,2013,°C,2.536,E,Estimated value
ET,Temperature change,159,China,7271,Temperature change,7004,April,2013,2013,°C,0.531,E,Estimated value
ET,Temperature change,159,China,7271,Temperature change,7005,May,2013,2013,°C,1.45,E,Estimated value
ET,Temperature change,159,China,7271,Temperature change,7006,June,2013,2013,°C,1.303,E,Estimated value
ET,Temperature change,159,China,7271,Temperature change,7007,July,2013,2013,°C,0.84,E,Estimated value
ET,Temperature change,159,China,7271,Temperature change,7008,August,2013,2013,°C,1.383,E,Estimated value
ET,Temperature change,159,China,7271,Temperature change,7009,September,2013,2013,°C,0.606,E,Estimated value
ET,Temperature change,159,China,7271,Temperature change,7010,October,2013,2013,°C,1.199,E,Estimated value
ET,Temperature change,159,China,7271,Temperature change,7011,November,2013,2013,°C,1.199,E,Estimated value
ET,Temperature change,159,China,7271,Temperature change,7012,December,2013,2013,°C,0.882,E,Estimated value
ET,Temperature change,1,World,7271,Temperature change,7001,January,2014,2014,°C,1.173,E,Estimated value
ET,Temperature change,1,World,7271,Temperature change,7002,February,2014,2014,°C,0.538,E,Estimated value
ET,Temperature change,1,World,7271,Temperature change,7003,March,2014,2014,°C,1.422,E,Estimated value
ET,Temperature change,1,World,7271,Temperature change,7004,April,2014,2014,°C,1.443,E,Estimated value
ET,Temperature change,1,World,7271,Temperature change,7005,May,2014,2014,°C,1.206,E,Estimated value
ET,Temperature change,1,World,7271,Temperature change,7006,June,2014,2014,°C,1.046,E,Estimated value
ET,Temperature change,1,World,7271,Temperature change,7007,July,2014,2014,°C,0.862,E,Estimated value
ET,Temperature change,1,World,7271,Temperature change,7008,August,2014,2014,°C,1.054,E,Estimated value
ET,Temperature change,1,World,7271,Temperature change,7009,September,2014,2014,°C,0.897,E,Estimated value
ET,Temperature change,1,World,7271,Temperature change,7010,October,2014,2014,°C,1.056,E,Estimated value
ET,Temperature change,1,World,7271,Temperature change,7011,November,2014,2014,°C,0.773,E,Estimated value
ET,Temperature change,1,World,7271,Temperature change,7012,December,2014,2014,°C,1.349,E,Estimated value
ET,Temperature change,159,China,7271,Temperature change,7001,January,2014,2014,°C,2.3,E,Estimated value
ET,Temperature change,159,China,7271,Temperature change,7002,February,2014,2014,°C,0.536,E,Estimated value
ET,Temperature change,159,China,7271,Temperature change,7003,March,2014,2014,°C,2.06,E,Estimated value
ET,Temperature change,159,China,7271,Temperature change,7004,April,2014,2014,°C,1.81,E,Estimated value
ET,Temperature change,159,China,7271,Temperature change,7005,May,2014,2014,°C,0.74,E,Estimated value
ET,Temperature change,159,China,7271,Temperature change,7006,June,2014,2014,°C,0.758,E,Estimated value
ET,Temperature change,159,China,7271,Temperature change,7007,July,2014,2014,°C,0.596,E,Estimated value
ET,Temperature change,159,China,7271,Temperature change,7008,August,2014,2014,°C,-0.13,E,Estimated value
ET,Temperature change,159,China,7271,Temperature change,7009,September,2014,2014,°C,0.612,E,Estimated value
ET,Temperature change,159,China,7271,Temperature change,7010,October,2014,2014,°C,1.091,E,Estimated value
ET,Temperature change,159,China,7271,Temperature change,7011,November,2014,2014,°C,1.257,E,Estimated value
ET,Temperature change,159,China,7271,Temperature change,7012,December,2014,2014,°C,-0.114,E,Estimated value
ET,Temperature change,1,World,7271,Temperature change,7001,January,2015,2015,°C,1.475,E,Estimated value
ET,Temperature change,1,World,7271,Temperature change,7002,February,2015,2015,°C,1.662,E,Estimated value
ET,Temperature change,1,World,7271,Temperature change,7003,March,2015,2015,°C,1.728,E,Estimated value
ET,Temperature change,1,World,7271,Temperature change,7004,April,2015,2015,°C,1.172,E,Estimated value
ET,Temperature change,1,World,7271,Temperature change,7005,May,2015,2015,°C,1.353,E,Estimated value
ET,Temperature change,1,World,7271,Temperature change,7006,June,2015,2015,°C,1.337,E,Estimated value
ET,Temperature change,1,World,7271,Temperature change,7007,July,2015,2015,°C,1.125,E,Estimated value
ET,Temperature change,1,World,7271,Temperature change,7008,August,2015,2015,°C,1.262,E,Estimated value
ET,Temperature change,1,World,7271,Temperature change,7009,September,2015,2015,°C,1.324,E,Estimated value
ET,Temperature change,1,World,7271,Temperature change,7010,October,2015,2015,°C,1.552,E,Estimated value
ET,Temperature change,1,World,7271,Temperature change,7011,November,2015,2015,°C,1.534,E,Estimated value
ET,Temperature change,1,World,7271,Temperature change,7012,December,2015,2015,°C,1.994,E,Estimated value
ET,Temperature change,159,China,7271,Temperature change,7001,January,2015,2015,°C,2.592,E,Estimated value
ET,Temperature change,159,China,7271,Temperature change,7002,February,2015,2015,°C,2.749,E,Estimated value
ET,Temperature change,159,China,7271,Temperature change,7003,March,2015,2015,°C,2.431,E,Estimated value
ET,Temperature change,159,China,7271,Temperature change,7004,April,2015,2015,°C,1.32,E,Estimated value
ET,Temperature change,159,China,7271,Temperature change,7005,May,2015,2015,°C,1.208,E,Estimated value
ET,Temperature change,159,China,7271,Temperature change,7006,June,2015,2015,°C,0.77,E,Estimated value
ET,Temperature change,159,China,7271,Temperature change,7007,July,2015,2015,°C,0.477,E,Estimated value
ET,Temperature change,159,China,7271,Temperature change,7008,August,2015,2015,°C,0.523,E,Estimated value
ET,Temperature change,159,China,7271,Temperature change,7009,September,2015,2015,°C,0.631,E,Estimated value
ET,Temperature change,159,China,7271,Temperature change,7010,October,2015,2015,°C,1.187,E,Estimated value
ET,Temperature change,159,China,7271,Temperature change,7011,November,2015,2015,°C,1.551,E,Estimated value
ET,Temperature change,159,China,7271,Temperature change,7012,December,2015,2015,°C,1.552,E,Estimated value
ET,Temperature change,1,World,7271,Temperature change,7001,January,2016,2016,°C,1.765,E,Estimated value
ET,Temperature change,1,World,7271,Temperature change,7002,February,2016,2016,°C,2.596,E,Estimated value
ET,Temperature change,1,World,7271,Temperature change,7003,March,2016,2016,°C,2.585,E,Estimated value
ET,Temperature change,1,World,7271,Temperature change,7004,April,2016,2016,°C,2.055,E,Estimated value
ET,Temperature change,1,World,7271,Temperature change,7005,May,2016,2016,°C,1.367,E,Estimated value
ET,Temperature change,1,World,7271,Temperature change,7006,June,2016,2016,°C,1.315,E,Estimated value
ET,Temperature change,1,World,7271,Temperature change,7007,July,2016,2016,°C,1.273,E,Estimated value
ET,Temperature change,1,World,7271,Temperature change,7008,August,2016,2016,°C,1.439,E,Estimated value
ET,Temperature change,1,World,7271,Temperature change,7009,September,2016,2016,°C,1.399,E,Estimated value
ET,Temperature change,1,World,7271,Temperature change,7010,October,2016,2016,°C,0.996,E,Estimated value
ET,Temperature change,1,World,7271,Temperature change,7011,November,2016,2016,°C,1.119,E,Estimated value
ET,Temperature change,1,World,7271,Temperature change,7012,December,2016,2016,°C,1.246,E,Estimated value
ET,Temperature change,159,China,7271,Temperature change,7001,January,2016,2016,°C,0.533,E,Estimated value
ET,Temperature change,159,China,7271,Temperature change,7002,February,2016,2016,°C,1.496,E,Estimated value
ET,Temperature change,159,China,7271,Temperature change,7003,March,2016,2016,°C,2.654,E,Estimated value
ET,Temperature change,159,China,7271,Temperature change,7004,April,2016,2016,°C,2.177,E,Estimated value
ET,Temperature change,159,China,7271,Temperature change,7005,May,2016,2016,°C,0.82,E,Estimated value
ET,Temperature change,159,China,7271,Temperature change,7006,June,2016,2016,°C,1.169,E,Estimated value
ET,Temperature change,159,China,7271,Temperature change,7007,July,2016,2016,°C,1.201,E,Estimated value
ET,Temperature change,159,China,7271,Temperature change,7008,August,2016,2016,°C,1.409,E,Estimated value
ET,Temperature change,159,China,7271,Temperature change,7009,September,2016,2016,°C,1.494,E,Estimated value
ET,Temperature change,159,China,7271,Temperature change,7010,October,2016,2016,°C,0.665,E,Estimated value
ET,Temperature change,159,China,7271,Temperature change,7011,November,2016,2016,°C,0.479,E,Estimated value
ET,Temperature change,159,China,7271,Temperature change,7012,December,2016,2016,°C,2.988,E,Estimated value
ET,Temperature change,1,World,7271,Temperature change,7001,January,2017,2017,°C,1.768,E,Estimated value
ET,Temperature change,1,World,7271,Temperature change,7002,February,2017,2017,°C,1.898,E,Estimated value
ET,Temperature change,1,World,7271,Temperature change,7003,March,2017,2017,°C,1.978,E,Estimated value
ET,Temperature change,1,World,7271,Temperature change,7004,April,2017,2017,°C,1.447,E,Estimated value
ET,Temperature change,1,World,7271,Temperature change,7005,May,2017,2017,°C,1.254,E,Estimated value
ET,Temperature change,1,World,7271,Temperature change,7006,June,2017,2017,°C,1.223,E,Estimated value
ET,Temperature change,1,World,7271,Temperature change,7007,July,2017,2017,°C,1.257,E,Estimated value
ET,Temperature change,1,World,7271,Temperature change,7008,August,2017,2017,°C,1.297,E,Estimated value
ET,Temperature change,1,World,7271,Temperature change,7009,September,2017,2017,°C,1.311,E,Estimated value
ET,Temperature change,1,World,7271,Temperature change,7010,October,2017,2017,°C,1.185,E,Estimated value
ET,Temperature change,1,World,7271,Temperature change,7011,November,2017,2017,°C,1.222,E,Estimated value
ET,Temperature change,1,World,7271,Temperature change,7012,December,2017,2017,°C,1.632,E,Estimated value
ET,Temperature change,159,China,7271,Temperature change,7001,January,2017,2017,°C,2.519,E,Estimated value
ET,Temperature change,159,China,7271,Temperature change,7002,February,2017,2017,°C,3.112,E,Estimated value
ET,Temperature change,159,China,7271,Temperature change,7003,March,2017,2017,°C,0.26,E,Estimated value
ET,Temperature change,159,China,7271,Temperature change,7004,April,2017,2017,°C,1.821,E,Estimated value
ET,Temperature change,159,China,7271,Temperature change,7005,May,2017,2017,°C,1.617,E,Estimated value
ET,Temperature change,159,China,7271,Temperature change,7006,June,2017,2017,°C,0.845,E,Estimated value
ET,Temperature change,159,China,7271,Temperature change,7007,July,2017,2017,°C,1.565,E,Estimated value
ET,Temperature change,159,China,7271,Temperature change,7008,August,2017,2017,°C,0.76,E,Estimated value
ET,Temperature change,159,China,7271,Temperature change,7009,September,2017,2017,°C,1.565,E,Estimated value
ET,Temperature change,159,China,7271,Temperature change,7010,October,2017,2017,°C,0.743,E,Estimated value
ET,Temperature change,159,China,7271,Temperature change,7011,November,2017,2017,°C,0.993,E,Estimated value
ET,Temperature change,159,China,7271,Temperature change,7012,December,2017,2017,°C,1.503,E,Estimated value
ET,Temperature change,1,World,7271,Temperature change,7001,January,2018,2018,°C,1.297,E,Estimated value
ET,Temperature change,1,World,7271,Temperature change,7002,February,2018,2018,°C,1.348,E,Estimated value
ET,Temperature change,1,World,7271,Temperature change,7003,March,2018,2018,°C,1.642,E,Estimated value
ET,Temperature change,1,World,7271,Temperature change,7004,April,2018,2018,°C,1.334,E,Estimated value
ET,Temperature change,1,World,7271,Temperature change,7005,May,2018,2018,°C,1.289,E,Estimated value
ET,Temperature change,1,World,7271,Temperature change,7006,June,2018,2018,°C,1.077,E,Estimated value
ET,Temperature change,1,World,7271,Temperature change,7007,July,2018,2018,°C,1.272,E,Estimated value
ET,Temperature change,1,World,7271,Temperature change,7008,August,2018,2018,°C,1.043,E,Estimated value
ET,Temperature change,1,World,7271,Temperature change,7009,September,2018,2018,°C,1.156,E,Estimated value
ET,Temperature change,1,World,7271,Temperature change,7010,October,2018,2018,°C,1.376,E,Estimated value
ET,Temperature change,1,World,7271,Temperature change,7011,November,2018,2018,°C,0.946,E,Estimated value
ET,Temperature change,1,World,7271,Temperature change,7012,December,2018,2018,°C,1.216,E,Estimated value
ET,Temperature change,159,China,7271,Temperature change,7001,January,2018,2018,°C,0.657,E,Estimated value
ET,Temperature change,159,China,7271,Temperature change,7002,February,2018,2018,°C,1.047,E,Estimated value
ET,Temperature change,159,China,7271,Temperature change,7003,March,2018,2018,°C,3.587,E,Estimated value
ET,Temperature change,159,China,7271,Temperature change,7004,April,2018,2018,°C,2.09,E,Estimated value
ET,Temperature change,159,China,7271,Temperature change,7005,May,2018,2018,°C,1.581,E,Estimated value
ET,Temperature change,159,China,7271,Temperature change,7006,June,2018,2018,°C,1.414,E,Estimated value
ET,Temperature change,159,China,7271,Temperature change,7007,July,2018,2018,°C,1.318,E,Estimated value
ET,Temperature change,159,China,7271,Temperature change,7008,August,2018,2018,°C,1.327,E,Estimated value
ET,Temperature change,159,China,7271,Temperature change,7009,September,2018,2018,°C,0.55,E,Estimated value
ET,Temperature change,159,China,7271,Temperature change,7010,October,2018,2018,°C,0.126,E,Estimated value
ET,Temperature change,159,China,7271,Temperature change,7011,November,2018,2018,°C,1,E,Estimated value
ET,Temperature change,159,China,7271,Temperature change,7012,December,2018,2018,°C,0.08,E,Estimated value
ET,Temperature change,1,World,7271,Temperature change,7001,January,2019,2019,°C,1.702,E,Estimated value
ET,Temperature change,1,World,7271,Temperature change,7002,February,2019,2019,°C,1.33,E,Estimated value
ET,Temperature change,1,World,7271,Temperature change,7003,March,2019,2019,°C,2.107,E,Estimated value
ET,Temperature change,1,World,7271,Temperature change,7004,April,2019,2019,°C,1.682,E,Estimated value
ET,Temperature change,1,World,7271,Temperature change,7005,May,2019,2019,°C,1.254,E,Estimated value
ET,Temperature change,1,World,7271,Temperature change,7006,June,2019,2019,°C,1.473,E,Estimated value
ET,Temperature change,1,World,7271,Temperature change,7007,July,2019,2019,°C,1.196,E,Estimated value
ET,Temperature change,1,World,7271,Temperature change,7008,August,2019,2019,°C,1.17,E,Estimated value
ET,Temperature change,1,World,7271,Temperature change,7009,September,2019,2019,°C,1.381,E,Estimated value
ET,Temperature change,1,World,7271,Temperature change,7010,October,2019,2019,°C,1.516,E,Estimated value
ET,Temperature change,1,World,7271,Temperature change,7011,November,2019,2019,°C,1.367,E,Estimated value
ET,Temperature change,1,World,7271,Temperature change,7012,December,2019,2019,°C,1.821,E,Estimated value
ET,Temperature change,159,China,7271,Temperature change,7001,January,2019,2019,°C,2.001,E,Estimated value
ET,Temperature change,159,China,7271,Temperature change,7002,February,2019,2019,°C,1.795,E,Estimated value
ET,Temperature change,159,China,7271,Temperature change,7003,March,2019,2019,°C,2.335,E,Estimated value
ET,Temperature change,159,China,7271,Temperature change,7004,April,2019,2019,°C,2.486,E,Estimated value
ET,Temperature change,159,China,7271,Temperature change,7005,May,2019,2019,°C,0.772,E,Estimated value
ET,Temperature change,159,China,7271,Temperature change,7006,June,2019,2019,°C,1.057,E,Estimated value
ET,Temperature change,159,China,7271,Temperature change,7007,July,2019,2019,°C,0.618,E,Estimated value
ET,Temperature change,159,China,7271,Temperature change,7008,August,2019,2019,°C,1.099,E,Estimated value
ET,Temperature change,159,China,7271,Temperature change,7009,September,2019,2019,°C,1.707,E,Estimated value
ET,Temperature change,159,China,7271,Temperature change,7010,October,2019,2019,°C,1.294,E,Estimated value
ET,Temperature change,159,China,7271,Temperature change,7011,November,2019,2019,°C,1.711,E,Estimated value
ET,Temperature change,159,China,7271,Temperature change,7012,December,2019,2019,°C,0.713,E,Estimated value
ET,Temperature change,1,World,7271,Temperature change,7001,January,2020,2020,°C,2.207,E,Estimated value
ET,Temperature change,1,World,7271,Temperature change,7002,February,2020,2020,°C,2.368,E,Estimated value
ET,Temperature change,1,World,7271,Temperature change,7003,March,2020,2020,°C,2.256,E,Estimated value
ET,Temperature change,1,World,7271,Temperature change,7004,April,2020,2020,°C,1.616,E,Estimated value
ET,Temperature change,1,World,7271,Temperature change,7005,May,2020,2020,°C,1.41,E,Estimated value
ET,Temperature change,1,World,7271,Temperature change,7006,June,2020,2020,°C,1.4,E,Estimated value
ET,Temperature change,1,World,7271,Temperature change,7007,July,2020,2020,°C,1.299,E,Estimated value
ET,Temperature change,1,World,7271,Temperature change,7008,August,2020,2020,°C,1.34,E,Estimated value
ET,Temperature change,1,World,7271,Temperature change,7009,September,2020,2020,°C,1.535,E,Estimated value
ET,Temperature change,1,World,7271,Temperature change,7010,October,2020,2020,°C,1.386,E,Estimated value
ET,Temperature change,1,World,7271,Temperature change,7011,November,2020,2020,°C,1.905,E,Estimated value
ET,Temperature change,1,World,7271,Temperature change,7012,December,2020,2020,°C,1.322,E,Estimated value
ET,Temperature change,159,China,7271,Temperature change,7001,January,2020,2020,°C,2.554,E,Estimated value
ET,Temperature change,159,China,7271,Temperature change,7002,February,2020,2020,°C,3.205,E,Estimated value
ET,Temperature change,159,China,7271,Temperature change,7003,March,2020,2020,°C,2.795,E,Estimated value
ET,Temperature change,159,China,7271,Temperature change,7004,April,2020,2020,°C,1.07,E,Estimated value
ET,Temperature change,159,China,7271,Temperature change,7005,May,2020,2020,°C,1.827,E,Estimated value
ET,Temperature change,159,China,7271,Temperature change,7006,June,2020,2020,°C,1.416,E,Estimated value
ET,Temperature change,159,China,7271,Temperature change,7007,July,2020,2020,°C,0.867,E,Estimated value
ET,Temperature change,159,China,7271,Temperature change,7008,August,2020,2020,°C,1.287,E,Estimated value
ET,Temperature change,159,China,7271,Temperature change,7009,September,2020,2020,°C,1.344,E,Estimated value
ET,Temperature change,159,China,7271,Temperature change,7010,October,2020,2020,°C,0.747,E,Estimated value
ET,Temperature change,159,China,7271,Temperature change,7011,November,2020,2020,°C,1.813,E,Estimated value
ET,Temperature change,159,China,7271,Temperature change,7012,December,2020,2020,°C,0.158,E,Estimated value
ET,Temperature change,1,World,7271,Temperature change,7001,January,2021,2021,°C,1.515,E,Estimated value
ET,Temperature change,1,World,7271,Temperature change,7002,February,2021,2021,°C,1.078,E,Estimated value
ET,Temperature change,1,World,7271,Temperature change,7003,March,2021,2021,°C,1.613,E,Estimated value
ET,Temperature change,1,World,7271,Temperature change,7004,April,2021,2021,°C,1.443,E,Estimated value
ET,Temperature change,1,World,7271,Temperature change,7005,May,2021,2021,°C,1.348,E,Estimated value
ET,Temperature change,1,World,7271,Temperature change,7006,June,2021,2021,°C,1.601,E,Estimated value
ET,Temperature change,1,World,7271,Temperature change,7007,July,2021,2021,°C,1.458,E,Estimated value
ET,Temperature change,1,World,7271,Temperature change,7008,August,2021,2021,°C,1.422,E,Estimated value
ET,Temperature change,1,World,7271,Temperature change,7009,September,2021,2021,°C,1.407,E,Estimated value
ET,Temperature change,1,World,7271,Temperature change,7010,October,2021,2021,°C,1.538,E,Estimated value
ET,Temperature change,1,World,7271,Temperature change,7011,November,2021,2021,°C,1.56,E,Estimated value
ET,Temperature change,1,World,7271,Temperature change,7012,December,2021,2021,°C,1.389,E,Estimated value
ET,Temperature change,159,China,7271,Temperature change,7001,January,2021,2021,°C,1.481,E,Estimated value
ET,Temperature change,159,China,7271,Temperature change,7002,February,2021,2021,°C,4.301,E,Estimated value
ET,Temperature change,159,China,7271,Temperature change,7003,March,2021,2021,°C,3.465,E,Estimated value
ET,Temperature change,159,China,7271,Temperature change,7004,April,2021,2021,°C,0.987,E,Estimated value
ET,Temperature change,159,China,7271,Temperature change,7005,May,2021,2021,°C,1.456,E,Estimated value
ET,Temperature change,159,China,7271,Temperature change,7006,June,2021,2021,°C,1.489,E,Estimated value
ET,Temperature change,159,China,7271,Temperature change,7007,July,2021,2021,°C,1.884,E,Estimated value
ET,Temperature change,159,China,7271,Temperature change,7008,August,2021,2021,°C,0.79,E,Estimated value
ET,Temperature change,159,China,7271,Temperature change,7009,September,2021,2021,°C,2.421,E,Estimated value
ET,Temperature change,159,China,7271,Temperature change,7010,October,2021,2021,°C,1.163,E,Estimated value
ET,Temperature change,159,China,7271,Temperature change,7011,November,2021,2021,°C,0.99,E,Estimated value
ET,Temperature change,159,China,7271,Temperature change,7012,December,2021,2021,°C,1.742,E,Estimated value